<?xml version="1.0" encoding="UTF-8"?>
<metadata xml:lang="en"><Esri><CreaDate>20150220</CreaDate><CreaTime>08510600</CreaTime><ArcGISFormat>1.0</ArcGISFormat><ArcGISstyle>FGDC CSDGM Metadata</ArcGISstyle><SyncOnce>FALSE</SyncOnce><DataProperties><itemProps><itemName Sync="TRUE">OutputArea2011_EoR</itemName><imsContentType Sync="TRUE">002</imsContentType><nativeExtBox><westBL Sync="TRUE">5513.000000</westBL><eastBL Sync="TRUE">470332.000000</eastBL><southBL Sync="TRUE">530249.000000</southBL><northBL Sync="TRUE">1220301.500000</northBL><exTypeCode Sync="TRUE">1</exTypeCode></nativeExtBox><itemLocation><linkage Sync="TRUE">file://\\GISFILEPROD\DATASHARE\2011 Census Output Areas\2011 Output Areas\FromNRS_2013_10_07_FINAL_2011CensusData_Amended\AmendOA.gdb</linkage><protocol Sync="TRUE">Local Area Network</protocol></itemLocation></itemProps><coordRef><type Sync="TRUE">Projected</type><geogcsn Sync="TRUE">GCS_OSGB_1936</geogcsn><csUnits Sync="TRUE">Linear Unit: Meter (1.000000)</csUnits><projcsn Sync="TRUE">British_National_Grid</projcsn><peXml Sync="TRUE">&lt;ProjectedCoordinateSystem xsi:type='typens:ProjectedCoordinateSystem' xmlns:xsi='http://www.w3.org/2001/XMLSchema-instance' xmlns:xs='http://www.w3.org/2001/XMLSchema' xmlns:typens='http://www.esri.com/schemas/ArcGIS/10.1'&gt;&lt;WKT&gt;PROJCS[&amp;quot;British_National_Grid&amp;quot;,GEOGCS[&amp;quot;GCS_OSGB_1936&amp;quot;,DATUM[&amp;quot;D_OSGB_1936&amp;quot;,SPHEROID[&amp;quot;Airy_1830&amp;quot;,6377563.396,299.3249646]],PRIMEM[&amp;quot;Greenwich&amp;quot;,0.0],UNIT[&amp;quot;Degree&amp;quot;,0.0174532925199433]],PROJECTION[&amp;quot;Transverse_Mercator&amp;quot;],PARAMETER[&amp;quot;False_Easting&amp;quot;,400000.0],PARAMETER[&amp;quot;False_Northing&amp;quot;,-100000.0],PARAMETER[&amp;quot;Central_Meridian&amp;quot;,-2.0],PARAMETER[&amp;quot;Scale_Factor&amp;quot;,0.9996012717],PARAMETER[&amp;quot;Latitude_Of_Origin&amp;quot;,49.0],UNIT[&amp;quot;Meter&amp;quot;,1.0],AUTHORITY[&amp;quot;EPSG&amp;quot;,27700]]&lt;/WKT&gt;&lt;XOrigin&gt;-5220400&lt;/XOrigin&gt;&lt;YOrigin&gt;-15524400&lt;/YOrigin&gt;&lt;XYScale&gt;10000&lt;/XYScale&gt;&lt;ZOrigin&gt;-100000&lt;/ZOrigin&gt;&lt;ZScale&gt;10000&lt;/ZScale&gt;&lt;MOrigin&gt;-100000&lt;/MOrigin&gt;&lt;MScale&gt;10000&lt;/MScale&gt;&lt;XYTolerance&gt;0.001&lt;/XYTolerance&gt;&lt;ZTolerance&gt;0.001&lt;/ZTolerance&gt;&lt;MTolerance&gt;0.001&lt;/MTolerance&gt;&lt;HighPrecision&gt;true&lt;/HighPrecision&gt;&lt;WKID&gt;27700&lt;/WKID&gt;&lt;LatestWKID&gt;27700&lt;/LatestWKID&gt;&lt;/ProjectedCoordinateSystem&gt;</peXml></coordRef><lineage><Process ToolSource="C:\Program Files\ArcGIS\Desktop10.0\ArcToolbox\Toolboxes\Data Management Tools.tbx\CalculateField" Date="20131007" Time="151738">CalculateField OutputArea2011_EoR CA_CODE [council] VB #</Process><Process ToolSource="C:\Program Files\ArcGIS\Desktop10.0\ArcToolbox\Toolboxes\Data Management Tools.tbx\CalculateField" Date="20131007" Time="151815">CalculateField OutputArea2011_EoR OA_CODE [code] VB #</Process><Process ToolSource="C:\Program Files\ArcGIS\Desktop10.0\ArcToolbox\Toolboxes\Data Management Tools.tbx\CalculateField" Date="20131007" Time="151927">CalculateField OutputArea2011_EoR AREA_SQKM [sqkm] VB #</Process><Process ToolSource="C:\Program Files\ArcGIS\Desktop10.0\ArcToolbox\Toolboxes\Data Management Tools.tbx\CalculateField" Date="20131007" Time="152000">CalculateField OutputArea2011_EoR AREA_HA [hect] VB #</Process><Process ToolSource="C:\Program Files\ArcGIS\Desktop10.0\ArcToolbox\Toolboxes\Data Management Tools.tbx\CalculateField" Date="20131007" Time="152247">CalculateField OutputArea2011_EoR OA_TOTPOP [Popcount] VB #</Process></lineage></DataProperties><SyncDate>20150219</SyncDate><SyncTime>14403000</SyncTime><ModDate>20150219</ModDate><ModTime>14403000</ModTime></Esri><dataIdInfo><envirDesc Sync="TRUE">Microsoft Windows 7 Version 6.1 (Build 7601) Service Pack 1; Esri ArcGIS 10.1.1.3143</envirDesc><dataLang><languageCode value="eng" Sync="TRUE"></languageCode><countryCode value="GBR" Sync="TRUE"></countryCode></dataLang><idCitation><resTitle Sync="TRUE">OutputArea2011_EoR</resTitle><presForm><PresFormCd value="005" Sync="TRUE"></PresFormCd></presForm></idCitation><spatRpType><SpatRepTypCd value="001" Sync="TRUE"></SpatRepTypCd></spatRpType><dataExt><geoEle><GeoBndBox esriExtentType="search"><exTypeCode Sync="TRUE">1</exTypeCode><westBL Sync="TRUE">-9.229868</westBL><eastBL Sync="TRUE">-0.705137</eastBL><northBL Sync="TRUE">60.866111</northBL><southBL Sync="TRUE">54.513338</southBL></GeoBndBox></geoEle></dataExt></dataIdInfo><mdLang><languageCode value="eng" Sync="TRUE"></languageCode><countryCode value="GBR" Sync="TRUE"></countryCode></mdLang><GEMINI_Metadata><IdentificationInfo><spatialRepresentationType codeList="001"></spatialRepresentationType><extent><geographicElement><westBoundLongitude>-9.229867</westBoundLongitude><eastBoundLongitude>-0.705137</eastBoundLongitude><northBoundLatitude>60.866111</northBoundLatitude><southBoundLatitude>54.513338</southBoundLatitude></geographicElement></extent></IdentificationInfo><dateStamp>20150219</dateStamp><metadataStandardName>UK GEMINI Standard</metadataStandardName><metadataStandardVersion>1.0</metadataStandardVersion><referenceSystemInfo><referenceSystemIdentifier><code>001</code></referenceSystemIdentifier></referenceSystemInfo></GEMINI_Metadata><distInfo><distFormat><formatName Sync="TRUE">File Geodatabase Feature Class</formatName></distFormat></distInfo><mdHrLv><ScopeCd value="005" Sync="TRUE"></ScopeCd></mdHrLv><mdHrLvName Sync="TRUE">dataset</mdHrLvName><refSysInfo><RefSystem><refSysID><identCode code="27700" Sync="TRUE"></identCode><idCodeSpace Sync="TRUE">EPSG</idCodeSpace><idVersion Sync="TRUE">7.11.2</idVersion></refSysID></RefSystem></refSysInfo><spatRepInfo><VectSpatRep><geometObjs Name="OutputArea2011_EoR"><geoObjTyp><GeoObjTypCd value="002" Sync="TRUE"></GeoObjTypCd></geoObjTyp><geoObjCnt Sync="TRUE">46351</geoObjCnt></geometObjs><topLvl><TopoLevCd value="001" Sync="TRUE"></TopoLevCd></topLvl></VectSpatRep></spatRepInfo><spdoinfo><ptvctinf><esriterm Name="OutputArea2011_EoR"><efeatyp Sync="TRUE">Simple</efeatyp><efeageom code="4" Sync="TRUE"></efeageom><esritopo Sync="TRUE">FALSE</esritopo><efeacnt Sync="TRUE">46351</efeacnt><spindex Sync="TRUE">TRUE</spindex><linrefer Sync="TRUE">FALSE</linrefer></esriterm></ptvctinf></spdoinfo><eainfo><detailed Name="OutputArea2011_EoR"><enttyp><enttypl Sync="TRUE">OutputArea2011_EoR</enttypl><enttypt Sync="TRUE">Feature Class</enttypt><enttypc Sync="TRUE">46351</enttypc></enttyp><attr><attrlabl Sync="TRUE">OBJECTID</attrlabl><attalias Sync="TRUE">OBJECTID</attalias><attrtype Sync="TRUE">OID</attrtype><attwidth Sync="TRUE">4</attwidth><atprecis Sync="TRUE">0</atprecis><attscale Sync="TRUE">0</attscale><attrdef Sync="TRUE">Internal feature number.</attrdef><attrdefs Sync="TRUE">Esri</attrdefs><attrdomv><udom Sync="TRUE">Sequential unique whole numbers that are automatically generated.</udom></attrdomv></attr><attr><attrlabl Sync="TRUE">SHAPE_1</attrlabl><attalias Sync="TRUE">SHAPE</attalias><attrtype Sync="TRUE">Geometry</attrtype><attwidth Sync="TRUE">0</attwidth><atprecis Sync="TRUE">0</atprecis><attscale Sync="TRUE">0</attscale></attr><attr><attrlabl Sync="TRUE">code</attrlabl><attalias Sync="TRUE">OutputArea2011Code</attalias><attrtype Sync="TRUE">String</attrtype><attwidth Sync="TRUE">9</attwidth><atprecis Sync="TRUE">0</atprecis><attscale Sync="TRUE">0</attscale></attr><attr><attrlabl Sync="TRUE">HHcount</attrlabl><attalias Sync="TRUE">HouseholdCount</attalias><attrtype Sync="TRUE">Integer</attrtype><attwidth Sync="TRUE">4</attwidth><atprecis Sync="TRUE">0</atprecis><attscale Sync="TRUE">0</attscale></attr><attr><attrlabl Sync="TRUE">Popcount</attrlabl><attalias Sync="TRUE">PopulationCount</attalias><attrtype Sync="TRUE">Integer</attrtype><attwidth Sync="TRUE">4</attwidth><atprecis Sync="TRUE">0</atprecis><attscale Sync="TRUE">0</attscale></attr><attr><attrlabl Sync="TRUE">council</attrlabl><attalias Sync="TRUE">CouncilArea2011Code</attalias><attrtype Sync="TRUE">String</attrtype><attwidth Sync="TRUE">9</attwidth><atprecis Sync="TRUE">0</atprecis><attscale Sync="TRUE">0</attscale></attr><attr><attrlabl Sync="TRUE">sqkm</attrlabl><attalias Sync="TRUE">SquareKilometers</attalias><attrtype Sync="TRUE">Double</attrtype><attwidth Sync="TRUE">8</attwidth><atprecis Sync="TRUE">0</atprecis><attscale Sync="TRUE">0</attscale></attr><attr><attrlabl Sync="TRUE">hect</attrlabl><attalias Sync="TRUE">Hectarage</attalias><attrtype Sync="TRUE">Double</attrtype><attwidth Sync="TRUE">8</attwidth><atprecis Sync="TRUE">0</atprecis><attscale Sync="TRUE">0</attscale></attr><attr><attrlabl Sync="TRUE">masterpc</attrlabl><attalias Sync="TRUE">MasterPostcode</attalias><attrtype Sync="TRUE">String</attrtype><attwidth Sync="TRUE">9</attwidth><atprecis Sync="TRUE">0</atprecis><attscale Sync="TRUE">0</attscale></attr><attr><attrlabl Sync="TRUE">easting</attrlabl><attalias Sync="TRUE">Easting</attalias><attrtype Sync="TRUE">String</attrtype><attwidth Sync="TRUE">6</attwidth><atprecis Sync="TRUE">0</atprecis><attscale Sync="TRUE">0</attscale></attr><attr><attrlabl Sync="TRUE">northing</attrlabl><attalias Sync="TRUE">Northing</attalias><attrtype Sync="TRUE">String</attrtype><attwidth Sync="TRUE">7</attwidth><atprecis Sync="TRUE">0</atprecis><attscale Sync="TRUE">0</attscale></attr><attr><attrlabl Sync="TRUE">SHAPE_1_Length</attrlabl><attalias Sync="TRUE">SHAPE_1_Length</attalias><attrtype Sync="TRUE">Double</attrtype><attwidth Sync="TRUE">8</attwidth><atprecis Sync="TRUE">0</atprecis><attscale Sync="TRUE">0</attscale></attr><attr><attrlabl Sync="TRUE">SHAPE_1_Area</attrlabl><attalias Sync="TRUE">SHAPE_1_Area</attalias><attrtype Sync="TRUE">Double</attrtype><attwidth Sync="TRUE">8</attwidth><atprecis Sync="TRUE">0</atprecis><attscale Sync="TRUE">0</attscale></attr><attr><attrlabl Sync="TRUE">CA_CODE</attrlabl><attalias Sync="TRUE">CA_CODE</attalias><attrtype Sync="TRUE">String</attrtype><attwidth Sync="TRUE">10</attwidth><atprecis Sync="TRUE">0</atprecis><attscale Sync="TRUE">0</attscale></attr><attr><attrlabl Sync="TRUE">OA_CODE</attrlabl><attalias Sync="TRUE">OA_CODE</attalias><attrtype Sync="TRUE">String</attrtype><attwidth Sync="TRUE">10</attwidth><atprecis Sync="TRUE">0</atprecis><attscale Sync="TRUE">0</attscale></attr><attr><attrlabl Sync="TRUE">AREA_SQKM</attrlabl><attalias Sync="TRUE">AREA_SQKM</attalias><attrtype Sync="TRUE">Double</attrtype><attwidth Sync="TRUE">8</attwidth><atprecis Sync="TRUE">0</atprecis><attscale Sync="TRUE">0</attscale></attr><attr><attrlabl Sync="TRUE">AREA_HA</attrlabl><attalias Sync="TRUE">AREA_HA</attalias><attrtype Sync="TRUE">Double</attrtype><attwidth Sync="TRUE">8</attwidth><atprecis Sync="TRUE">0</atprecis><attscale Sync="TRUE">0</attscale></attr><attr><attrlabl Sync="TRUE">OA_TOTPOP</attrlabl><attalias Sync="TRUE">OA_TOTPOP</attalias><attrtype Sync="TRUE">Integer</attrtype><attwidth Sync="TRUE">4</attwidth><atprecis Sync="TRUE">0</atprecis><attscale Sync="TRUE">0</attscale></attr><attr><attrlabl Sync="TRUE">OA_RESPOP</attrlabl><attalias Sync="TRUE">OA_RESPOP</attalias><attrtype Sync="TRUE">Integer</attrtype><attwidth Sync="TRUE">4</attwidth><atprecis Sync="TRUE">0</atprecis><attscale Sync="TRUE">0</attscale></attr><attr><attrlabl Sync="TRUE">OA_HHCOUNT</attrlabl><attalias Sync="TRUE">OA_HHCOUNT</attalias><attrtype Sync="TRUE">Integer</attrtype><attwidth Sync="TRUE">4</attwidth><atprecis Sync="TRUE">0</atprecis><attscale Sync="TRUE">0</attscale></attr></detailed></eainfo><mdDateSt Sync="TRUE">20150219</mdDateSt><gmd:GEMINI_Metadata xmlns:gmd="http://www.isotc211.org/2005/gmd" xmlns:xsi="http://www.w3.org/2001/XMLSchema-instance" xmlns:gco="http://www.isotc211.org/2005/gco" xmlns:srv="http://www.isotc211.org/2005/srv" xmlns:gts="http://www.isotc211.org/2005/gts" xmlns:gml="http://www.opengis.net/gml" xmlns:xlink="http://www.w3.org/1999/xlink" xmlns:msxsl="urn:schemas-microsoft-com:xslt">
		<gmd:hierarchyLevel>
			<gmd:MD_ScopeCode codeList="http://standards.iso.org/ittf/PubliclyAvailableStandards/ISO_19139_Schemas/resources/Codelist/gmxCodelists.xml#MD_ScopeCode" codeListValue="dataset">Dataset</gmd:MD_ScopeCode>
		</gmd:hierarchyLevel>
		<gmd:dateStamp>
			<gco:Date>2013-09-11</gco:Date>
		</gmd:dateStamp>
		<gmd:language>
			<gmd:LanguageCode codeList="http://www.loc.gov/standards/iso639-2/php/code_list.php" codeListValue="eng">English</gmd:LanguageCode>
		</gmd:language>
		<gmd:identificationInfo>
			<gmd:MD_DataIdentification>
				<gmd:language>
					<gmd:LanguageCode codeList="http://www.loc.gov/standards/iso639-2/php/code_list.php" codeListValue="eng">English</gmd:LanguageCode>
				</gmd:language>
				<gmd:abstract>
					<gco:CharacterString>This dataset shows the 2011 Census Output Areas (OAs).  OAs are the smallest geographical unit for which Census data is released, and as a result, they act as the basic “building-blocks” for the creation of other “higher” geographies, eg Datazones, council areas.  The OAs are constructed by aggregating together a small number of postcodes.  Because the OAs cover small areas and contain relatively small numbers of households and population (households in the range 20 to 77; population &gt;/= 50), there is only a limited amount of Census data that can be released without infringing confidentiality.         
One of the main requirements during the creation of the 2011 OAs was to attempt to keep the 2011 boundaries the same as the 2001 OAs – this would make it easier to comparison over 10 years. 	
There are 46,351 Census 2011 OAs in Scotland.
An anomaly was discovered in the 2011 Census Output Area (OA) codes which were published on 15 August 2013.  The anomaly meant that, whilst all the current 2011 Census OA codes were unique, they did not always run in sequential order by council area. We decided to replace the codes with new ones that start at S00088956 and end with S00135306.</gco:CharacterString>
				</gmd:abstract>
				<gmd:spatialResolution>
					<gmd:MD_Resolution>
						<gmd:distance>
							<gco:Distance uom="Meters">0.0001</gco:Distance>
						</gmd:distance>
						<gmd:equivalentScale>
							<gmd:MD_RepresentativeFraction>
								<gmd:denominator>
									<gco:Integer>10000</gco:Integer>
								</gmd:denominator>
							</gmd:MD_RepresentativeFraction>
						</gmd:equivalentScale>
					</gmd:MD_Resolution>
				</gmd:spatialResolution>
				<gmd:citation>
					<gmd:CI_Citation>
						<gmd:title>
							<gco:CharacterString>OutputArea2011_EoR</gco:CharacterString>
						</gmd:title>
						<gmd:date>
							<gmd:CI_Date>
								<gmd:date>
									<gco:Date>2013-09-13</gco:Date>
								</gmd:date>
								<gmd:dateType>
									<gmd:CI_DateTypeCode codeList="http://standards.iso.org/ittf/PubliclyAvailableStandards/ISO_19139_Schemas/resources/Codelist/gmxCodelists.xml#CI_DateTypeCode" codeListValue="publication">Publication</gmd:CI_DateTypeCode>
								</gmd:dateType>
							</gmd:CI_Date>
						</gmd:date>
						<gmd:date>
							<gmd:CI_Date>
								<gmd:date>
									<gco:Date>2013-08-15</gco:Date>
								</gmd:date>
								<gmd:dateType>
									<gmd:CI_DateTypeCode codeList="http://standards.iso.org/ittf/PubliclyAvailableStandards/ISO_19139_Schemas/resources/Codelist/gmxCodelists.xml#CI_DateTypeCode" codeListValue="creation">Creation</gmd:CI_DateTypeCode>
								</gmd:dateType>
							</gmd:CI_Date>
						</gmd:date>
						<gmd:date>
							<gmd:CI_Date>
								<gmd:date>
									<gco:Date>2013-09-13</gco:Date>
								</gmd:date>
								<gmd:dateType>
									<gmd:CI_DateTypeCode codeList="http://standards.iso.org/ittf/PubliclyAvailableStandards/ISO_19139_Schemas/resources/Codelist/gmxCodelists.xml#CI_DateTypeCode" codeListValue="revision">Revision</gmd:CI_DateTypeCode>
								</gmd:dateType>
							</gmd:CI_Date>
						</gmd:date>
						<gmd:identifier>
							<gmd:RS_Identifier>
								<gmd:code>
									<gco:CharacterString>OutputArea2011_EoR</gco:CharacterString>
								</gmd:code>
							</gmd:RS_Identifier>
						</gmd:identifier>
					</gmd:CI_Citation>
				</gmd:citation>
				<gmd:topicCategory>
					<gmd:MD_TopicCategoryCode>boundaries</gmd:MD_TopicCategoryCode>
				</gmd:topicCategory>
				<gmd:descriptiveKeywords>
					<gmd:MD_Keywords>
						<gmd:keyword>
							<gco:CharacterString>Statistical units</gco:CharacterString>
						</gmd:keyword>
						<gmd:thesaurusName>
							<gmd:CI_Citation>
								<gmd:title>
									<gco:CharacterString>GEMET INSPIRE</gco:CharacterString>
								</gmd:title>
								<gmd:date>
									<gmd:CI_Date>
										<gmd:date>
											<gco:Date>2013-09-11</gco:Date>
										</gmd:date>
										<gmd:dateType>
											<gmd:CI_DateTypeCode codeList="http://standards.iso.org/ittf/PubliclyAvailableStandards/ISO_19139_Schemas/resources/Codelist/gmxCodelists.xml#CI_DateTypeCode" codeListValue=""/>
										</gmd:dateType>
									</gmd:CI_Date>
								</gmd:date>
							</gmd:CI_Citation>
						</gmd:thesaurusName>
						<gmd:type>
							<gmd:MD_KeywordTypeCode codeList="http://standards.iso.org/ittf/PubliclyAvailableStandards/ISO_19139_Schemas/resources/Codelist/gmxCodelists.xml#MD_KeywordTypeCode" codeListValue="theme">Theme</gmd:MD_KeywordTypeCode>
						</gmd:type>
					</gmd:MD_Keywords>
				</gmd:descriptiveKeywords>
				<gmd:extent>
					<gmd:EX_Extent>
						<gmd:geographicElement>
							<gmd:EX_GeographicDescription>
								<gmd:geographicIdentifier>
									<gmd:RS_Identifier>
										<gmd:code>
											<gco:CharacterString>SCT</gco:CharacterString>
										</gmd:code>
										<gmd:authority>
											<gmd:CI_Citation>
												<gmd:title>
													<gco:CharacterString></gco:CharacterString>
												</gmd:title>
												<gmd:date>
													<gmd:CI_Date>
														<gmd:date>
															<gco:Date/>
														</gmd:date>
														<gmd:dateType>
															<gmd:CI_DateTypeCode codeList="http://standards.iso.org/ittf/PubliclyAvailableStandards/ISO_19139_Schemas/resources/Codelist/gmxCodelists.xml#CI_DateTypeCode" codeListValue=""/>
														</gmd:dateType>
													</gmd:CI_Date>
												</gmd:date>
											</gmd:CI_Citation>
										</gmd:authority>
									</gmd:RS_Identifier>
								</gmd:geographicIdentifier>
							</gmd:EX_GeographicDescription>
						</gmd:geographicElement>
						<gmd:geographicElement>
							<gmd:EX_GeographicBoundingBox>
								<gmd:westBoundLongitude>
									<gco:Decimal>-9.20000</gco:Decimal>
								</gmd:westBoundLongitude>
								<gmd:eastBoundLongitude>
									<gco:Decimal>-0.50000</gco:Decimal>
								</gmd:eastBoundLongitude>
								<gmd:southBoundLatitude>
									<gco:Decimal>50.00000</gco:Decimal>
								</gmd:southBoundLatitude>
								<gmd:northBoundLatitude>
									<gco:Decimal>65.50000</gco:Decimal>
								</gmd:northBoundLatitude>
							</gmd:EX_GeographicBoundingBox>
						</gmd:geographicElement>
						<gmd:temporalElement>
							<gmd:EX_TemporalExtent>
								<gmd:extent>
									<gml:TimePeriod>
										<gml:beginPosition>2011-01-01</gml:beginPosition>
										<gml:endPosition/>
									</gml:TimePeriod>
								</gmd:extent>
							</gmd:EX_TemporalExtent>
						</gmd:temporalElement>
						<gmd:verticalElement>
							<gmd:EX_VerticalExtent>
								<gmd:minimumValue>
									<gco:Real>-100000.00</gco:Real>
								</gmd:minimumValue>
								<gmd:maximumValue>
									<gco:Real>900719825474.10</gco:Real>
								</gmd:maximumValue>
								<gmd:verticalCRS xlink:href=""/>
							</gmd:EX_VerticalExtent>
						</gmd:verticalElement>
					</gmd:EX_Extent>
				</gmd:extent>
				<gmd:pointOfContact>
					<gmd:CI_ResponsibleParty>
						<gmd:organisationName>
							<gco:CharacterString>National Records of Scotland</gco:CharacterString>
						</gmd:organisationName>
						<gmd:contactInfo>
							<gmd:CI_Contact>
								<gmd:address>
									<gmd:CI_Address>
										<gmd:deliveryPoint>
											<gco:CharacterString>Ladywell House, Ladywell Road</gco:CharacterString>
										</gmd:deliveryPoint>
										<gmd:city>
											<gco:CharacterString>Edinburgh</gco:CharacterString>
										</gmd:city>
										<gmd:postalCode>
											<gco:CharacterString>EH12 7TF</gco:CharacterString>
										</gmd:postalCode>
										<gmd:electronicMailAddress>
											<gco:CharacterString>geographycustomerservices@gro-scotland.gsi.gov.uk</gco:CharacterString>
										</gmd:electronicMailAddress>
										<gmd:country>
											<gmd:Country codeList="http://standards.iso.org/ittf/PubliclyAvailableStandards/ISO_19139_Schemas/resources/Codelist/ML_gmxCodelists.xml#Country" codeListValue="SCT">Scotland</gmd:Country>
										</gmd:country>
									</gmd:CI_Address>
								</gmd:address>
							</gmd:CI_Contact>
						</gmd:contactInfo>
						<gmd:role>
							<gmd:CI_RoleCode codeList="http://standards.iso.org/ittf/PubliclyAvailableStandards/ISO_19139_Schemas/resources/Codelist/gmxCodelists.xml#MD_ScopeCode" codeListValue="owner">Owner</gmd:CI_RoleCode>
						</gmd:role>
					</gmd:CI_ResponsibleParty>
				</gmd:pointOfContact>
				<gmd:resourceConstraints>
					<gmd:MD_Constraints>
						<gmd:useLimitation>
							<gco:CharacterString>no conditions apply</gco:CharacterString>
						</gmd:useLimitation>
					</gmd:MD_Constraints>
				</gmd:resourceConstraints>
				<gmd:resourceConstraints>
					<gmd:MD_LegalConstraints>
						<gmd:otherConstraints>
							<gco:CharacterString>License</gco:CharacterString>
						</gmd:otherConstraints>
					</gmd:MD_LegalConstraints>
				</gmd:resourceConstraints>
				<gmd:resourceMaintenance>
					<gmd:MD_MaintenanceInformation>
						<gmd:maintenanceAndUpdateFrequency>
							<gmd:MD_MaintenanceFrequencyCode codeList="http://standards.iso.org/ittf/PubliclyAvailableStandards/ISO_19139_Schemas/resources/Codelist/gmxCodelists.xml#MD_MaintenanceFrequencyCode" codeListValue="asNeeded">As needed</gmd:MD_MaintenanceFrequencyCode>
						</gmd:maintenanceAndUpdateFrequency>
					</gmd:MD_MaintenanceInformation>
				</gmd:resourceMaintenance>
			</gmd:MD_DataIdentification>
		</gmd:identificationInfo>
		<gmd:distributionInfo>
			<gmd:MD_Distribution>
				<gmd:transferOptions>
					<gmd:MD_DigitalTransferOptions>
						<gmd:onLine>
							<gmd:CI_OnlineResource>
								<gmd:linkage>
									<gmd:URL>http://www.gro-scotland.gov.uk/geography/geo-prods/census-datasets/2011-census/2011-boundaries.html</gmd:URL>
								</gmd:linkage>
							</gmd:CI_OnlineResource>
						</gmd:onLine>
					</gmd:MD_DigitalTransferOptions>
				</gmd:transferOptions>
			</gmd:MD_Distribution>
		</gmd:distributionInfo>
		<gmd:dataQualityInfo>
			<gmd:DQ_DataQuality>
				<gmd:lineage>
					<gmd:LI_Lineage>
						<gmd:statement>
							<gco:CharacterString>This dataset shows the 2011 Census Output Areas (OAs).  OAs are the smallest geographical unit for which Census data is released, and as a result, they act as the basic “building-blocks” for the creation of other statistical geographies, eg Datazones, council areas.  The OAs are constructed by aggregating together a small number of postcodes.  Because the OAs cover small areas and contain relatively small numbers of households and population (households in the range 20 to 77; population &gt;/= 50), there is only a limited amount of Census data that can be released without infringing confidentiality.         
An important requirement during the creation of the 2011 OAs was to attempt to keep the boundaries the same, or similar, as the 2001 OAs – this would make it easier to compare over 10 years.

The process for creating the OAs was as follows:

Output Areas for the 2011 Census were created as groups of postcodes nesting as well as possible into the following geographies in descending order of preference when not all postcodes in the OA belong to a single combination of these area types:
•	Council Area
•	2010 Locality

1.	The 2011 census counts (population and households) were allocated to the individual postcodes which were assigned to 2001 OA, boundaries dissolved to create a set of 2001 OA based on the 2011 frozen postcodes.  This highlighted the OAs which fell outside the stated parameters.
2.	Where the 2001 OA dropped below the 2011 minimum threshold for confidentiality (50  persons and 20 households) it was merged with a neighbouring 2001 OA.  In addition where 2001 OA had increased in size, particularly those which exceeded the 2011 recommended maximum threshold (approximately) 78 households) have been split where possible into two or more OA.
3	There are no OA below the lower threshold for the number of required households (20) and population (50)
4	As a result  46,351 Census 2011 OAs in Scotland have been created.
5.	Spatial improvement.  Of the OA created 339 are non contiguous because the polygons are separated by other output areas.   It was agreed that the parts which did not contain master postcode (in most instances the smaller polygon) would be removed and the area merged with adjoining OA to create a single polygon where possible.  This was purely a cosmetic exercise and did not affect census statistics, calculation of the master postcode,  the higher area assignment of the area calculation for the OA all of which were based on all of the constituent parts of the OA.   A boundary dataset detailing the OA parts which were removed is available together with a lookup file listing the affected postcodes and OAs.  The dataset still contains non contiguous OA that are separated by water.

The boundaries are available for two geographic extents:

Extent of the Realm (EoR)
The boundaries in this dataset are to the Mean Low Water mark so that the coastline is extended to be consistent with Local Authorities.

and 

Clipped to the coastline with inland water removed (MHW)
The boundaries in this dataset have been clipped to the coastline (Mean High Water Mark) with inland water removed.  This version closely represents map users expectations of how a coastal boundary should look.

The Standard Area measurements were used to identify bodies of inland water and subsequently removed.

Revised 2011 Output Area codes

An anomaly was discovered in the 2011 Census Output Area (OA) codes which were published on 15 August 2013. The anomaly meant that, whilst all the current 2011 Census OA codes were unique, they did not always run in sequential order by council area. We understood that this was creating additional work for some users so we decided to replace the current 2011 OA codes with new ones that run sequentially within each council area. The new codes start at S00088956 and end with S00135306.
The 2011 Census geography datasets published on 15 August 2013 were removed temporarily from the NRS website while this work was going on. No shape boundaries, population or household estimates for OAs changed as a result of this work, only the 9-character S-code they were assigned. 
A lookup file linking the archived 2011 OA code to the new 2011 OA code has also been published to help users who have already started work using the archived set of OA codes. The archived set of codes range from S00042605 to S00088955.</gco:CharacterString>
						</gmd:statement>
					</gmd:LI_Lineage>
				</gmd:lineage>
			</gmd:DQ_DataQuality>
		</gmd:dataQualityInfo>
		<gmd:referenceSystemInfo>
			<gmd:MD_ReferenceSystem>
				<gmd:referenceSystemIdentifier>
					<gmd:RS_Identifier>
						<gmd:code>
							<gco:CharacterString>Great Britain National Grid</gco:CharacterString>
						</gmd:code>
					</gmd:RS_Identifier>
				</gmd:referenceSystemIdentifier>
			</gmd:MD_ReferenceSystem>
		</gmd:referenceSystemInfo>
		<gmd:contact>
			<gmd:CI_ResponsibleParty>
				<gmd:organisationName>
					<gco:CharacterString>National Records of Scotland</gco:CharacterString>
				</gmd:organisationName>
				<gmd:contactInfo>
					<gmd:CI_Contact>
						<gmd:address>
							<gmd:CI_Address>
								<gmd:deliveryPoint>
									<gco:CharacterString>Ladywell House, Ladywell Road</gco:CharacterString>
								</gmd:deliveryPoint>
								<gmd:city>
									<gco:CharacterString>Edinburgh</gco:CharacterString>
								</gmd:city>
								<gmd:postalCode>
									<gco:CharacterString>EH12 7TF</gco:CharacterString>
								</gmd:postalCode>
								<gmd:electronicMailAddress>
									<gco:CharacterString>geographycustomerservices@gro-scotland.gsi.gov.uk</gco:CharacterString>
								</gmd:electronicMailAddress>
								<gmd:country>
									<gmd:Country codeList="http://standards.iso.org/ittf/PubliclyAvailableStandards/ISO_19139_Schemas/resources/Codelist/ML_gmxCodelists.xml#Country" codeListValue="SCT">Scotland</gmd:Country>
								</gmd:country>
							</gmd:CI_Address>
						</gmd:address>
					</gmd:CI_Contact>
				</gmd:contactInfo>
				<gmd:role>
					<gmd:CI_RoleCode codeList="http://standards.iso.org/ittf/PubliclyAvailableStandards/ISO_19139_Schemas/resources/Codelist/gmxCodelists.xml#MD_ScopeCode" codeListValue="pointOfContact">Point of contact</gmd:CI_RoleCode>
				</gmd:role>
			</gmd:CI_ResponsibleParty>
		</gmd:contact>
	</gmd:GEMINI_Metadata></metadata>
